<?xml version='1.0' encoding='UTF-8'?>
<beans xmlns="http://www.springframework.org/schema/beans"
	xmlns:xsi="http://www.w3.org/2001/XMLSchema-instance" 
	xmlns:amq="http://activemq.apache.org/schema/core"
	xmlns:context="http://www.springframework.org/schema/context"
	xsi:schemaLocation="http://www.springframework.org/schema/beans 
       http://www.springframework.org/schema/beans/spring-beans-3.0.xsd
       http://www.springframework.org/schema/context 
       http://www.springframework.org/schema/context/spring-context.xsd
       http://activemq.apache.org/schema/core 
       http://activemq.apache.org/schema/core/activemq-core.xsd">
        
    <!-- setup an embedded JMS Broker for testing purposes -->
	<amq:broker id="my-broker" useJmx="false" persistent="false" brokerName="localhost">
		<amq:transportConnectors>
			<amq:transportConnector name="openwire" uri="tcp://0.0.0.0:61617" enableStatusMonitor="true" />
		</amq:transportConnectors>
	</amq:broker>

	<amq:connectionFactory id="activeMQConnectionFactory" brokerURL="vm://my-broker" />

	<bean id="jmsTemplate" class="org.springframework.jms.core.JmsTemplate">
		<property name="connectionFactory" ref="activeMQConnectionFactory" />
	</bean>

</beans>
