<?xml version="1.0" encoding="UTF-8" standalone="no"?>
<beans xmlns="http://www.springframework.org/schema/beans" 
xmlns:context="http://www.springframework.org/schema/context" 
xmlns:xsi="http://www.w3.org/2001/XMLSchema-instance" 
xsi:schemaLocation="http://www.springframework.org/schema/beans classpath:org/springframework/beans/factory/xml/spring-beans-3.0.xsd 
			http://www.springframework.org/schema/context classpath:org/springframework/beans/factory/xml/spring-context-3.0.xsd">
			
	<bean class="com.equiniti.qa_report.eventapi.eventhandling.eventmanager.EventManagerImpl" id="eventManager">
		<property name="eventProcessorMap">
			<map>
				<entry key="doLoginEvent" value-ref="loginEventProcessor"/>
				
				<entry key="getTestPlanEvent" value-ref="testPlanEventProcessor"/>
				<entry key="addTestPlanEvent" value-ref="testPlanEventProcessor"/>
				<entry key="updateTestPlanEvent" value-ref="testPlanEventProcessor"/>
				
				<entry key="getResourceDeatilsEvent" value-ref="resourceDeatilsEventProcessor"/>
				<entry key="addResourceDeatilsEvent" value-ref="resourceDeatilsEventProcessor"/>
				<entry key="updateResourceDeatilsEvent" value-ref="resourceDeatilsEventProcessor"/>
				
				<entry key="getProjectEvent" value-ref="projectEventProcessor"/>
				<entry key="addProjectEvent" value-ref="projectEventProcessor"/>
				<entry key="updateProjectEvent" value-ref="projectEventProcessor"/>
				
				<entry key="getItemDetailsEvent" value-ref="itemDetailsEventProcessor"/>
				<entry key="addItemDetailsEvent" value-ref="itemDetailsEventProcessor"/>
				<entry key="updateItemDetailsEvent" value-ref="itemDetailsEventProcessor"/>
				
				<entry key="getUserDeatilsEvent" value-ref="rbacEventProcessor"/>
				<entry key="addUserDeatilsEvent" value-ref="rbacEventProcessor"/>
				<entry key="resetPasswordEvent" value-ref="rbacEventProcessor"/>
				<entry key="getRolesEvent" value-ref="rbacRolesEventProcessor"/>
				
				<entry key="buildBTPMonthlyReportEvent" value-ref="reportSearchEventProcessor"/>
				<entry key="buildBTPSummaryReportEvent" value-ref="reportSearchEventProcessor"/>
				<entry key="selectedBTPReportEvent" value-ref="reportSearchEventProcessor"/>
				
				<entry key="getDSREvent" value-ref="dsrEventProcessor"/>
				<entry key="addDSREvent" value-ref="dsrEventProcessor"/>
				<entry key="updateDSREvent" value-ref="dsrEventProcessor"/>
				
			</map>	
		</property>
	</bean>
		
	<bean class="com.equiniti.qa_report.eventapi.eventhandling.processor.BaseEventProcessor" id="loginEventProcessor">
		<property name="handlersList">
			<list>
				<ref bean="loginEventHandler"/>
			</list>
		</property>
	</bean>

	<bean class="com.equiniti.qa_report.event_handler.LoginEventHandler" id="loginEventHandler">
		<property name="cryptoService" ref="cryptoService"/>
		<property name="loginDAO" ref="loginDAO"/>
	</bean>
	
	<bean class="com.equiniti.qa_report.eventapi.eventhandling.processor.BaseEventProcessor" id="testPlanEventProcessor">
		<property name="handlersList">
			<list>
				<ref bean="testPlanEventHandler"/>
			</list>
		</property>
	</bean>

	<bean class="com.equiniti.qa_report.event_handler.TestPlanEventHandler" id="testPlanEventHandler">
		<property name="testPlanDAO" ref="testPlanDAO"/>
	</bean>
	
	<bean class="com.equiniti.qa_report.eventapi.eventhandling.processor.BaseEventProcessor" id="resourceDeatilsEventProcessor">
		<property name="handlersList">
			<list>
				<ref bean="resourceDeatilsEventHandler"/>
			</list>
		</property>
	</bean>

	<bean class="com.equiniti.qa_report.event_handler.ResourceDeatilsEventHandler" id="resourceDeatilsEventHandler">
		<property name="resourceDeatilsDAO" ref="resourceDeatilsDAO"/>
	</bean>
	
	<bean class="com.equiniti.qa_report.eventapi.eventhandling.processor.BaseEventProcessor" id="projectEventProcessor">
		<property name="handlersList">
			<list>
				<ref bean="projectEventHandler"/>
			</list>
		</property>
	</bean>

	<bean class="com.equiniti.qa_report.event_handler.ProjectEventHandler" id="projectEventHandler">
		<property name="projectDAO" ref="projectDAO"/>
	</bean>
	
	<bean class="com.equiniti.qa_report.eventapi.eventhandling.processor.BaseEventProcessor" id="itemDetailsEventProcessor">
		<property name="handlersList">
			<list>
				<ref bean="itemDetailsEventHandler"/>
			</list>
		</property>
	</bean>

	<bean class="com.equiniti.qa_report.event_handler.ItemDeatilsEventHandler" id="itemDetailsEventHandler">
		<property name="itemDetailsDAO" ref="itemDetailsDAO"/>
	</bean>

	
	<bean class="com.equiniti.qa_report.eventapi.eventhandling.processor.BaseEventProcessor" id="rbacEventProcessor">
		<property name="handlersList">
			<list>
				<ref bean="rbacEventHandler"/>
			</list>
		</property>
	</bean>

	<bean class="com.equiniti.qa_report.event_handler.RBACEventHandler" id="rbacEventHandler">
		<property name="cryptoService" ref="cryptoService"/>
		<property name="rbacDAO" ref="rbacDAO"/>
	</bean>
	
<!-- Roles Start -->
	<bean class="com.equiniti.qa_report.eventapi.eventhandling.processor.BaseEventProcessor" id="rbacRolesEventProcessor">
			<property name="handlersList">
				<list>
				<ref bean="rbacRolesEventHandler"/>
				</list>
			</property>
			</bean>
		
	<bean class="com.equiniti.qa_report.event_handler.RBACEventHandler" id="rbacRolesEventHandler">
		<property name="rbacRolesDAO" ref="rbacRolesDAO"/>
			</bean>	
<!-- Roles End -->

	<bean class="com.equiniti.qa_report.eventapi.eventhandling.processor.BaseEventProcessor" id="reportSearchEventProcessor">
		<property name="handlersList">
			<list>
				<ref bean="reportSearchEventHandler"/>
			</list>
		</property>
	</bean>

	<bean class="com.equiniti.qa_report.event_handler.ReportSearchEventHandler" id="reportSearchEventHandler">
		<property name="reportSearchDAO" ref="reportSearchDAO"/>
	</bean>
	
	<bean class="com.equiniti.qa_report.eventapi.eventhandling.processor.BaseEventProcessor" id="dsrEventProcessor">
		<property name="handlersList">
			<list>
				<ref bean="dsrEventHandler"/>
			</list>
		</property>
	</bean>

	<bean class="com.equiniti.qa_report.event_handler.DSREventHandler" id="dsrEventHandler">
		<property name="dsrDAO" ref="dsrDAO"/>
	</bean>
	

</beans>			