<?xml version="1.0" encoding="UTF-8" standalone="no"?>
<beans xmlns="http://www.springframework.org/schema/beans" 
	xmlns:context="http://www.springframework.org/schema/context" 
	xmlns:xsi="http://www.w3.org/2001/XMLSchema-instance" 
	xsi:schemaLocation=
			"http://www.springframework.org/schema/beans
			classpath:org/springframework/beans/factory/xml/spring-beans-3.0.xsd 
			http://www.springframework.org/schema/context 
			classpath:org/springframework/beans/factory/xml/spring-context-3.0.xsd">

	<bean abstract="true" class="com.equiniti.qa_report.eventapi.eventhandling.generic.BaseAPIImpl" name="baseAPI">
			<property name="eventManager" ref="eventManager"/>
	</bean>

	<bean class="com.equiniti.qa_report.service.api.impl.LoginServiceImpl" id="loginService" parent="baseAPI"/>
	
	<bean class="com.equiniti.qa_report.service.api.impl.TestPlanServiceImpl" id="testPlanService" parent="baseAPI" >
		<property name="objectTranslatorAPI" ref="objectTranslatorAPI"/>
	</bean>
	
	<bean class="com.equiniti.qa_report.service.api.impl.ResourceDeatilsServiceImpl" id="resourceDeatilsService" parent="baseAPI"/>
	
	<bean class="com.equiniti.qa_report.service.api.impl.ProjectServiceImpl" id="projectService" parent="baseAPI"/>
	
	<bean class="com.equiniti.qa_report.service.api.impl.ItemDetailsServiceImpl" id="itemDetailsService" parent="baseAPI"/>
	
	<bean class="com.equiniti.qa_report.service.api.impl.RBACServiceImpl" id="rbacService" parent="baseAPI"/>
	
	<bean class="com.equiniti.qa_report.service.api.impl.ReportSearchServiceImpl" id="reportSearchService" parent="baseAPI"/>
	
	<bean class="com.equiniti.qa_report.service.api.impl.DSRServiceImpl" id="dsrService" parent="baseAPI"/>
	
</beans>