<?xml version="1.0" encoding="UTF-8" standalone="no"?>
<databaseChangeLog xmlns="http://www.liquibase.org/xml/ns/dbchangelog" 
	xmlns:xsi="http://www.w3.org/2001/XMLSchema-instance"
	xsi:schemaLocation="http://www.liquibase.org/xml/ns/dbchangelog http://www.liquibase.org/xml/ns/dbchangelog/dbchangelog-2.0.xsd" >
	
	<changeSet author="baskaran radhakrishnan" id="alter_tbl_resources_changeset"	runOnChange="true">
		<addDefaultValue columnName="created_on" columnDataType="DATETIME" defaultValueComputed="CURRENT_TIMESTAMP" tableName="tbl_resources" />
		<addDefaultValue columnName="modified_on" columnDataType="DATETIME" defaultValueComputed="CURRENT_TIMESTAMP" tableName="tbl_resources" />
	</changeSet>
	
	<changeSet author="baskaran radhakrishnan" id="insert_tbl_resources_changeset"	runOnChange="true">
		<loadData file="/WEB-INF/classes/liquibase/tbl_resources_initial_data.csv" tableName="tbl_resources"/>
	</changeSet>
	
	<changeSet author="Meganathan Sengodan" id="update_tbl_resources_changeset"	runOnChange="true">
		<sql endDelimiter="\nGO" splitStatements="true" stripComments="true">update tbl_resources set resource_url='project/manage_projects' where resource_url='operation/manage_projects'</sql>
	</changeSet>
	
</databaseChangeLog>	