<?xml version="1.0" encoding="UTF-8" standalone="no"?>
<databaseChangeLog xmlns="http://www.liquibase.org/xml/ns/dbchangelog" 
	xmlns:xsi="http://www.w3.org/2001/XMLSchema-instance"
	xsi:schemaLocation="http://www.liquibase.org/xml/ns/dbchangelog http://www.liquibase.org/xml/ns/dbchangelog/dbchangelog-2.0.xsd" >
	
	<changeSet author="baskaran radhakrishnan" id="alter_tbl_roles_changeset"	runOnChange="true">
		<addDefaultValue columnName="created_on" columnDataType="DATETIME" defaultValueComputed="CURRENT_TIMESTAMP" tableName="tbl_roles" />
		<addDefaultValue columnName="modified_on" columnDataType="DATETIME" defaultValueComputed="CURRENT_TIMESTAMP" tableName="tbl_roles" />
	</changeSet>
	
	<changeSet author="Meganathan Sengodan" id="update_tbl_roles_changeset"	runOnChange="true">
		<sql endDelimiter="\nGO" splitStatements="true" stripComments="true">update tbl_roles set role_desc='User' where role_desc='Normal User'</sql>
	</changeSet>
	
	<changeSet author="baskaran radhakrishnan" id="insert_tbl_roles_changeset"	runOnChange="true">
		<loadData file="/WEB-INF/classes/liquibase/tbl_roles_initial_data.csv" tableName="tbl_roles"/>
	</changeSet>
	
	
</databaseChangeLog>	